category,count,avg_eviction_rate,median_eviction_rate,min_eviction_rate,max_eviction_rate
Majority Black,7,10.425038225414156,6.607541646313851,3.824010575729262,26.900339385605648
Diverse (No Single Majority),13,14.63257466987304,18.057842518777452,2.8324752974610004,23.01525647134329
Majority White,79,5.026628837686301,3.8466150716026766,1.3203356257499677,19.230509766694826